{
  "comparison": {
    "LR_TFIDF_char_stop": {
      "@0.50": {
        "accuracy": 0.9437159572321969,
        "precision": 0.9930751474737112,
        "recall": 0.938894277400582,
        "f1_weighted": 0.9462752008678345,
        "f1_macro": 0.9088419972905765,
        "roc_auc": 0.9837606235510693,
        "pr_auc": 0.99642113054939,
        "threshold": 0.5,
        "support": {
          "class_0": 833,
          "class_1": 4124
        }
      }
    },
    "SVM_TFIDF_char_stop": {
      "@0.50": {
        "accuracy": 0.9562235222917087,
        "precision": 0.975188518608611,
        "recall": 0.9721144519883608,
        "f1_weighted": 0.9563584430635028,
        "f1_macro": 0.922202730757784,
        "roc_auc": 0.9836281748392858,
        "pr_auc": 0.9963443301470161,
        "threshold": 0.5,
        "support": {
          "class_0": 833,
          "class_1": 4124
        }
      }
    },
    "NB_BOW_char_stop": {
      "@0.50": {
        "accuracy": 0.9344361508977204,
        "precision": 0.9822289921299823,
        "recall": 0.9381668283220175,
        "f1_weighted": 0.9369604135591818,
        "f1_macro": 0.8920558275112394,
        "roc_auc": 0.9666709554820958,
        "pr_auc": 0.9931731648089192,
        "threshold": 0.5,
        "support": {
          "class_0": 833,
          "class_1": 4124
        }
      }
    }
  },
  "selected": {
    "model": "SVM_TFIDF_char_stop",
    "threshold": 0.5,
    "final_metrics": {
      "accuracy": 0.9562235222917087,
      "precision": 0.975188518608611,
      "recall": 0.9721144519883608,
      "f1_weighted": 0.9563584430635028,
      "f1_macro": 0.922202730757784,
      "roc_auc": 0.9836281748392858,
      "pr_auc": 0.9963443301470161,
      "threshold": 0.5,
      "support": {
        "class_0": 833,
        "class_1": 4124
      }
    }
  }
}