{
  "default@0.50": {
    "accuracy": 0.7262084592145015,
    "precision": 0.5839653304442037,
    "recall": 0.6125,
    "f1_weighted": 0.7277880728645003,
    "f1_macro": 0.695167214231966,
    "roc_auc": 0.7694004524886877,
    "pr_auc": 0.6592690116881205,
    "threshold": 0.5,
    "support": {
      "class_0": 1768,
      "class_1": 880
    }
  },
  "tuned": {
    "accuracy": 0.6306646525679759,
    "precision": 0.46780551905387646,
    "recall": 0.8090909090909091,
    "f1_weighted": 0.6390557638238336,
    "f1_macro": 0.6274493669465724,
    "roc_auc": 0.7694004524886877,
    "pr_auc": 0.6592690116881205,
    "threshold": 0.39999999999999997,
    "support": {
      "class_0": 1768,
      "class_1": 880
    }
  }
}