{
  "comparison": {
    "LR_TFIDF_char": {
      "@0.50": {
        "accuracy": 0.9435142223118822,
        "precision": 0.9915601023017903,
        "recall": 0.9401066925315228,
        "f1_weighted": 0.9459768043383042,
        "f1_macro": 0.9081059751375802,
        "roc_auc": 0.9835685001449658,
        "pr_auc": 0.9965888312535083,
        "threshold": 0.5,
        "support": {
          "class_0": 833,
          "class_1": 4124
        }
      }
    },
    "SVM_TFIDF_char": {
      "@0.50": {
        "accuracy": 0.9568287270526528,
        "precision": 0.9752066115702479,
        "recall": 0.9728419010669254,
        "f1_weighted": 0.9569313171124405,
        "f1_macro": 0.9231689284362994,
        "roc_auc": 0.9837408290183192,
        "pr_auc": 0.996540265876318,
        "threshold": 0.5,
        "support": {
          "class_0": 833,
          "class_1": 4124
        }
      }
    },
    "NB_BOW_char": {
      "@0.50": {
        "accuracy": 0.9350413556586645,
        "precision": 0.9798081776880363,
        "recall": 0.9413191076624636,
        "f1_weighted": 0.937269008966793,
        "f1_macro": 0.8920146445405545,
        "roc_auc": 0.9655110831917637,
        "pr_auc": 0.9929662784010208,
        "threshold": 0.5,
        "support": {
          "class_0": 833,
          "class_1": 4124
        }
      }
    }
  },
  "selected": {
    "model": "SVM_TFIDF_char",
    "threshold": 0.5,
    "final_metrics": {
      "accuracy": 0.9568287270526528,
      "precision": 0.9752066115702479,
      "recall": 0.9728419010669254,
      "f1_weighted": 0.9569313171124405,
      "f1_macro": 0.9231689284362994,
      "roc_auc": 0.9837408290183192,
      "pr_auc": 0.996540265876318,
      "threshold": 0.5,
      "support": {
        "class_0": 833,
        "class_1": 4124
      }
    }
  }
}