{
  "comparison": {
    "LR_TFIDF": {
      "@0.50": {
        "accuracy": 0.8912648779503732,
        "precision": 0.8867313915857605,
        "recall": 0.9966052376333656,
        "f1_weighted": 0.8703831540892809,
        "f1_macro": 0.7358983141150055,
        "roc_auc": 0.981707086326286,
        "pr_auc": 0.9959733961486392,
        "threshold": 0.5,
        "support": {
          "class_0": 833,
          "class_1": 4124
        }
      }
    },
    "SVM_TFIDF": {
      "@0.50": {
        "accuracy": 0.9521888238854146,
        "precision": 0.9872148408122337,
        "recall": 0.954898157129001,
        "f1_weighted": 0.9535829594342369,
        "f1_macro": 0.9195970328329448,
        "roc_auc": 0.9821518811210227,
        "pr_auc": 0.9959919289071304,
        "threshold": 0.5,
        "support": {
          "class_0": 833,
          "class_1": 4124
        }
      }
    },
    "NB_BOW": {
      "@0.50": {
        "accuracy": 0.9114383699818439,
        "precision": 0.9113641437820942,
        "recall": 0.989815712900097,
        "f1_weighted": 0.9012749937181577,
        "f1_macro": 0.8070562013694511,
        "roc_auc": 0.9709940232154937,
        "pr_auc": 0.993822312898482,
        "threshold": 0.5,
        "support": {
          "class_0": 833,
          "class_1": 4124
        }
      }
    }
  },
  "selected": {
    "model": "SVM_TFIDF",
    "threshold": 0.5
  }
}